{"name":"a8cc7ece-d2e3-48f7-9fbb-3485edf528d7","id":"/providers/Microsoft.Flow/flows/a8cc7ece-d2e3-48f7-9fbb-3485edf528d7","type":"Microsoft.Flow/flows","properties":{"apiId":"/providers/Microsoft.PowerApps/apis/shared_logicflows","displayName":"TEST-Ingest Signals","definition":{"metadata":{"workflowEntityId":null,"flowclientsuspensionreason":"None","flowclientsuspensiontime":null,"creator":{"id":"7aeb4535-8a7a-43eb-8b5d-1180a86b7309","type":"User","tenantId":"8a1c50f9-01b7-4c8a-a6fa-90eb906f18e9"},"provisioningMethod":"FromDefinition","failureAlertSubscription":true,"clientLastModifiedTime":"2020-10-14T07:04:56.8828774Z"},"$schema":"https://schema.management.azure.com/providers/Microsoft.Logic/schemas/2016-06-01/workflowdefinition.json#","contentVersion":"1.0.0.0","parameters":{"$connections":{"defaultValue":{},"type":"Object"},"$authentication":{"defaultValue":{},"type":"SecureObject"}},"triggers":{"Recurrence":{"recurrence":{"frequency":"Day","interval":1,"timeZone":"GMT Standard Time","schedule":{"hours":["5"],"minutes":[17]}},"type":"Recurrence"}},"actions":{"Get_Highest_SignalId":{"runAfter":{"Initialize_variable":["Succeeded"]},"type":"OpenApiConnection","inputs":{"host":{"apiId":"/providers/Microsoft.PowerApps/apis/shared_sql","connectionName":"shared_sql_1","operationId":"ExecutePassThroughNativeQuery_V2"},"parameters":{"server":"default","database":"default","query/query":"Select MAX(SPTId) SignalId from Signals;"},"authentication":"@parameters('$authentication')"}},"Parse_JSON":{"runAfter":{"Get_Highest_SignalId":["Succeeded"]},"type":"ParseJson","inputs":{"content":"@outputs('Get_Highest_SignalId')?['body/resultsets/Table1']","schema":{"type":"array","items":{"type":"object","properties":{"SignalId":{"type":"integer"}},"required":["SignalId"]}}}},"lowestIdToSelect":{"runAfter":{"Parse_JSON":["Succeeded"]},"type":"InitializeVariable","inputs":{"variables":[{"name":"lowestIdToSelect","type":"integer","value":"@first(body('Parse_JSON')).SignalId"}]}},"Insert_it_to_SIMS":{"foreach":"@outputs('Fetch_Signals_data')?['body/value']","actions":{"Insert_row_(V2)":{"runAfter":{},"type":"OpenApiConnection","inputs":{"host":{"apiId":"/providers/Microsoft.PowerApps/apis/shared_sql","connectionName":"shared_sql_1","operationId":"PostItem_V2"},"parameters":{"server":"default","database":"default","table":"[dbo].[Signals]","item/SignalStatusId":1,"item/IsEu":"@equals(items('Insert_it_to_SIMS')?['country_of_origin_eu'], 'EU')","item/DataSource":"@items('Insert_it_to_SIMS')?['data_source']","item/PublishedDate":"@items('Insert_it_to_SIMS')?['published_date']","item/InsertedDate":"@items('Insert_it_to_SIMS')?['date_inserted']","item/ModifiedBy":"Signals Data","item/Modified":"@utcNow()","item/CreatedBy":"Signals Data","item/Created":"@utcNow()","item/SPTId":"@items('Insert_it_to_SIMS')?['id_unique']","item/Title":"@items('Insert_it_to_SIMS')?['title']","item/Priority":"@items('Insert_it_to_SIMS')?['prioritization']","item/AlertType":"@items('Insert_it_to_SIMS')?['alert_type']","item/CountryOfOrigin":"@items('Insert_it_to_SIMS')?['country_of_origin']","item/NotifyingCountry":"@items('Insert_it_to_SIMS')?['notifying_country']","item/FoodOrFeed":"@items('Insert_it_to_SIMS')?['food_feed']","item/BaseProduct":"@items('Insert_it_to_SIMS')?['base_product']","item/Manufacturer":"@items('Insert_it_to_SIMS')?['manufacturer']","item/Hazard":"@items('Insert_it_to_SIMS')?['hazard']","item/HazardGroup":"@items('Insert_it_to_SIMS')?['hazard_group']","item/SourceType":"@items('Insert_it_to_SIMS')?['source_type']","item/SourceLink":"@items('Insert_it_to_SIMS')?['url']"},"authentication":"@parameters('$authentication')"}},"Append_to_error_array":{"runAfter":{"Insert_row_(V2)":["Failed"]},"type":"AppendToArrayVariable","inputs":{"name":"errorList","value":{"Id":"@items('Insert_it_to_SIMS')?['id_unique']","Title":"@items('Insert_it_to_SIMS')?['title']","error":""}}}},"runAfter":{"Fetch_Signals_data":["Succeeded"]},"type":"Foreach"},"Fetch_Signals_data":{"runAfter":{"lowestIdToSelect":["Succeeded"]},"type":"OpenApiConnection","inputs":{"host":{"apiId":"/providers/Microsoft.PowerApps/apis/shared_sql","connectionName":"shared_sql_2","operationId":"GetItems_V2"},"parameters":{"server":"default","database":"default","table":"[dbo].[view_sp_production]","$filter":"id_unique gt @{variables('lowestIdToSelect')}"},"authentication":"@parameters('$authentication')"},"runtimeConfiguration":{"paginationPolicy":{"minimumItemCount":500}}},"Initialize_variable":{"runAfter":{},"type":"InitializeVariable","inputs":{"variables":[{"name":"errorList","type":"array"}]}},"StoreErrors":{"foreach":"@variables('errorList')","actions":{"AddNoteToFailed":{"runAfter":{"Add_Failed":["Succeeded"]},"type":"OpenApiConnection","inputs":{"host":{"apiId":"/providers/Microsoft.PowerApps/apis/shared_sql","connectionName":"shared_sql_1","operationId":"PostItem_V2"},"parameters":{"server":"default","database":"default","table":"[dbo].[SignalNotes]","item/Note":"FAILED SIGNAL INSERT : @{utcNow()}","item/SignalId":"@outputs('Add_Failed')?['body/Id']","item/ModifiedBy":"Signal Ingestion","item/Modified":"@utcNow()","item/CreatedBy":"Signal Ingestion","item/Created":"@utcNow()"},"authentication":"@parameters('$authentication')"}},"currentError":{"runAfter":{},"type":"ParseJson","inputs":{"content":"@items('StoreErrors')","schema":{"type":"object","properties":{"id":{"type":"integer"},"title":{"type":"string"},"error":{"type":"string"}}}}},"Add_Failed":{"runAfter":{"currentError":["Succeeded"]},"type":"OpenApiConnection","inputs":{"host":{"apiId":"/providers/Microsoft.PowerApps/apis/shared_sql","connectionName":"shared_sql_1","operationId":"PostItem_V2"},"parameters":{"server":"default","database":"default","table":"[dbo].[Signals]","item/SignalStatusId":1,"item/IsEu":false,"item/DataSource":"FAILED","item/PublishedDate":"01/01/01","item/InsertedDate":"01/01/01","item/ModifiedBy":"Signals Ingestion","item/Modified":"@utcNow()","item/CreatedBy":"Signals Ingestion","item/Created":"@utcNow()","item/SPTId":"@body('currentError')?['id']","item/Title":"@body('currentError')?['title']","item/Priority":"FAIL","item/AlertType":"FAILED"},"authentication":"@parameters('$authentication')"}}},"runAfter":{"Insert_it_to_SIMS":["Succeeded"]},"type":"Foreach"}},"outputs":{},"description":"On a recurring basis, execute a SQL stored procedure."},"connectionReferences":{"shared_sql_1":{"connectionName":"ce2312741a954f66bb4d00cff22885d0","source":"Embedded","id":"/providers/Microsoft.PowerApps/apis/shared_sql","tier":"NotSpecified"},"shared_sql_2":{"connectionName":"07d742adcbc24bb8abc319e34bc4667d","source":"Embedded","id":"/providers/Microsoft.PowerApps/apis/shared_sql","tier":"NotSpecified"}},"flowFailureAlertSubscribed":false}}